<core:FragmentDefinition xmlns:core="sap.ui.core" xmlns="sap.m" xmlns:unified="sap.ui.unified" xmlns:l="sap.ui.layout.form"
	xmlns:html="http://www.w3.org/1999/xhtml">
	<Dialog id="idCoPhotoDialog" title="Attachment" contentHeight="70%" contentWidth="60%">
		<content>
			<unified:FileUploader class = "sapUiSmallMargin" buttonText="Browse..." style="Emphasized" buttonOnly="false" enabled="true" width="98%" iconFirst="true"
				uploadOnChange="true" multiple="false" maximumFileSize="5" mimeType="application/pdf,application/msword" change="onUploadChange"
				visible="{path:'local>/header/Docstat', formatter : '.formatter.enabledItem'}" fileSizeExceed="_onFileUploaderFileSizeExceed"></unified:FileUploader>
			<PDFViewer id="idCoPic" width="100%" height="100%"/>
		</content>
		<buttons>
			<Button icon="sap-icon://accept" id="idCoUpload" press="handleUploadPress" text="Upload" type="Accept" iconFirst="true" width="auto"
				enabled="true" visible="{path:'local>/header/Docstat', formatter : '.formatter.enabledItem'}" iconDensityAware="false"/>
			<Button icon="sap-icon://delete" id="idCoDelete" press="handleDeletePress" text="Delete" type="Reject" iconFirst="true" width="auto"
				enabled="true" visible="{path:'local>/header/Docstat', formatter : '.formatter.enabledItem'}" iconDensityAware="false"/>
			<Button icon="sap-icon://sys-cancel" id="idCoClose" press="handleClosePress" text="Close" type="Neutral" iconFirst="true" width="auto"
				enabled="true" visible="true" iconDensityAware="false"/>
		</buttons>
	</Dialog>
</core:FragmentDefinition>